inferred_primary_category,entry_count,share_percent,classification_status,caveat
Microcontrollers / Embedded Systems,1411,67.77,INFERRED_FROM_TITLE,Keyword-based first-match classification; manually review ambiguous titles
General Electronics / Other,282,13.54,INFERRED_FROM_TITLE,Keyword-based first-match classification; manually review ambiguous titles
Power Electronics / Power Supply,72,3.46,INFERRED_FROM_TITLE,Keyword-based first-match classification; manually review ambiguous titles
IoT / Wireless / Networking,63,3.03,INFERRED_FROM_TITLE,Keyword-based first-match classification; manually review ambiguous titles
Audio / Video / Display,51,2.45,INFERRED_FROM_TITLE,Keyword-based first-match classification; manually review ambiguous titles
Sensors / Instrumentation / Measurement,48,2.31,INFERRED_FROM_TITLE,Keyword-based first-match classification; manually review ambiguous titles
Robotics / Motors / Automation,40,1.92,INFERRED_FROM_TITLE,Keyword-based first-match classification; manually review ambiguous titles
Display / Lighting / LED,39,1.87,INFERRED_FROM_TITLE,Keyword-based first-match classification; manually review ambiguous titles
Home / Industrial Security & Safety,17,0.82,INFERRED_FROM_TITLE,Keyword-based first-match classification; manually review ambiguous titles
Communication / RF / Signal Processing,17,0.82,INFERRED_FROM_TITLE,Keyword-based first-match classification; manually review ambiguous titles
Computer / Software / AI,15,0.72,INFERRED_FROM_TITLE,Keyword-based first-match classification; manually review ambiguous titles
Automotive / Transportation,15,0.72,INFERRED_FROM_TITLE,Keyword-based first-match classification; manually review ambiguous titles
Digital Electronics / Logic / FPGA,8,0.38,INFERRED_FROM_TITLE,Keyword-based first-match classification; manually review ambiguous titles
Biomedical / Assistive Technology,4,0.19,INFERRED_FROM_TITLE,Keyword-based first-match classification; manually review ambiguous titles
