source_category,tag_occurrence_count,status,note
AVR ATmega Projects,640,CONFIRMED_SOURCE_METADATA,"A project may have multiple source categories; counts are tag occurrences, not unique projects"
Other Projects,207,CONFIRMED_SOURCE_METADATA,"A project may have multiple source categories; counts are tag occurrences, not unique projects"
LED Projects,202,CONFIRMED_SOURCE_METADATA,"A project may have multiple source categories; counts are tag occurrences, not unique projects"
Interfacing(USB - RS232 - I2c -ISP) Projects,160,CONFIRMED_SOURCE_METADATA,"A project may have multiple source categories; counts are tag occurrences, not unique projects"
Sensor - Transducer - Detector Projects,157,CONFIRMED_SOURCE_METADATA,"A project may have multiple source categories; counts are tag occurrences, not unique projects"
LCD Projects,139,CONFIRMED_SOURCE_METADATA,"A project may have multiple source categories; counts are tag occurrences, not unique projects"
Game - Entertainment Projects,131,CONFIRMED_SOURCE_METADATA,"A project may have multiple source categories; counts are tag occurrences, not unique projects"
Sound - Audio Projects,110,CONFIRMED_SOURCE_METADATA,"A project may have multiple source categories; counts are tag occurrences, not unique projects"
Metering - Instrument Projects,89,CONFIRMED_SOURCE_METADATA,"A project may have multiple source categories; counts are tag occurrences, not unique projects"
Clock Projects,88,CONFIRMED_SOURCE_METADATA,"A project may have multiple source categories; counts are tag occurrences, not unique projects"
Microcontroller Programmer Projects,83,CONFIRMED_SOURCE_METADATA,"A project may have multiple source categories; counts are tag occurrences, not unique projects"
Robotics - Automation Projects,78,CONFIRMED_SOURCE_METADATA,"A project may have multiple source categories; counts are tag occurrences, not unique projects"
Motor Projects,77,CONFIRMED_SOURCE_METADATA,"A project may have multiple source categories; counts are tag occurrences, not unique projects"
Home Automation Projects,75,CONFIRMED_SOURCE_METADATA,"A project may have multiple source categories; counts are tag occurrences, not unique projects"
Development Board - Kits Projects,72,CONFIRMED_SOURCE_METADATA,"A project may have multiple source categories; counts are tag occurrences, not unique projects"
Temperature Measurement Projects,67,CONFIRMED_SOURCE_METADATA,"A project may have multiple source categories; counts are tag occurrences, not unique projects"
Circuits,54,CONFIRMED_SOURCE_METADATA,"A project may have multiple source categories; counts are tag occurrences, not unique projects"
How To - DIY - Projects,54,CONFIRMED_SOURCE_METADATA,"A project may have multiple source categories; counts are tag occurrences, not unique projects"
Internet - Ethernet - LAN Projects,46,CONFIRMED_SOURCE_METADATA,"A project may have multiple source categories; counts are tag occurrences, not unique projects"
Security - Safety Projects,43,CONFIRMED_SOURCE_METADATA,"A project may have multiple source categories; counts are tag occurrences, not unique projects"
Phone Projects,37,CONFIRMED_SOURCE_METADATA,"A project may have multiple source categories; counts are tag occurrences, not unique projects"
Radio Projects,36,CONFIRMED_SOURCE_METADATA,"A project may have multiple source categories; counts are tag occurrences, not unique projects"
Battery Projects,34,CONFIRMED_SOURCE_METADATA,"A project may have multiple source categories; counts are tag occurrences, not unique projects"
Car Projects,31,CONFIRMED_SOURCE_METADATA,"A project may have multiple source categories; counts are tag occurrences, not unique projects"
PWM Projects,27,CONFIRMED_SOURCE_METADATA,"A project may have multiple source categories; counts are tag occurrences, not unique projects"
Calculator Projects,20,CONFIRMED_SOURCE_METADATA,"A project may have multiple source categories; counts are tag occurrences, not unique projects"
Video - Camera - Imaging Projects,19,CONFIRMED_SOURCE_METADATA,"A project may have multiple source categories; counts are tag occurrences, not unique projects"
GPS Based Projects,19,CONFIRMED_SOURCE_METADATA,"A project may have multiple source categories; counts are tag occurrences, not unique projects"
Blog,18,CONFIRMED_SOURCE_METADATA,"A project may have multiple source categories; counts are tag occurrences, not unique projects"
Medical - Health based Projects,18,CONFIRMED_SOURCE_METADATA,"A project may have multiple source categories; counts are tag occurrences, not unique projects"
Memory - Storage Projects,13,CONFIRMED_SOURCE_METADATA,"A project may have multiple source categories; counts are tag occurrences, not unique projects"
Solar energy projects,13,CONFIRMED_SOURCE_METADATA,"A project may have multiple source categories; counts are tag occurrences, not unique projects"
AVR ATmega Tutorial,12,CONFIRMED_SOURCE_METADATA,"A project may have multiple source categories; counts are tag occurrences, not unique projects"
CNC - Printing Machines Projects,11,CONFIRMED_SOURCE_METADATA,"A project may have multiple source categories; counts are tag occurrences, not unique projects"
Android Projects,10,CONFIRMED_SOURCE_METADATA,"A project may have multiple source categories; counts are tag occurrences, not unique projects"
RTOS - OS Projects,8,CONFIRMED_SOURCE_METADATA,"A project may have multiple source categories; counts are tag occurrences, not unique projects"
RFID - NFC Projects,8,CONFIRMED_SOURCE_METADATA,"A project may have multiple source categories; counts are tag occurrences, not unique projects"
AVR ATmega Programmers,8,CONFIRMED_SOURCE_METADATA,"A project may have multiple source categories; counts are tag occurrences, not unique projects"
Microcontroller,6,CONFIRMED_SOURCE_METADATA,"A project may have multiple source categories; counts are tag occurrences, not unique projects"
Game – Entertainment Project Ideas,5,CONFIRMED_SOURCE_METADATA,"A project may have multiple source categories; counts are tag occurrences, not unique projects"
Arduino Programmer Projects,4,CONFIRMED_SOURCE_METADATA,"A project may have multiple source categories; counts are tag occurrences, not unique projects"
Electronics News Updates,3,CONFIRMED_SOURCE_METADATA,"A project may have multiple source categories; counts are tag occurrences, not unique projects"
Uncategorized,3,CONFIRMED_SOURCE_METADATA,"A project may have multiple source categories; counts are tag occurrences, not unique projects"
ATmega AVR News,3,CONFIRMED_SOURCE_METADATA,"A project may have multiple source categories; counts are tag occurrences, not unique projects"
Featured,2,CONFIRMED_SOURCE_METADATA,"A project may have multiple source categories; counts are tag occurrences, not unique projects"
News,2,CONFIRMED_SOURCE_METADATA,"A project may have multiple source categories; counts are tag occurrences, not unique projects"
Drones,2,CONFIRMED_SOURCE_METADATA,"A project may have multiple source categories; counts are tag occurrences, not unique projects"
How It Works,2,CONFIRMED_SOURCE_METADATA,"A project may have multiple source categories; counts are tag occurrences, not unique projects"
